日付,時刻,自分のデッキ,相手のデッキ,レート,勝敗,先後,初手,大会,メモ
"2027-09-02","20:24:02","XXX2","メガダークライ","1405","負け","後攻","B","PTCGL夜",""
"2026-09-03","10:08:16","XXX2","ゾロアーク","1404","負け","先攻","B","PTCGL午前",""
"2026-09-03","10:07:43","メガダークライ１","リザードン","1416","勝ち","先攻","B","PTCGL午前",""
"2026-09-02","17:47:52","XXX2","メガサメハダー","1418","勝ち","後攻","C","PTCGL夜",""
"2026-09-02","17:47:18","XXX2","ゾロアーク","1407","勝ち","先攻","B","PTCGL午後",""
"2026-09-02","13:10:33","XXX2","メガシャンドラ","1395","勝ち","後攻","B","PTCGL午前",""
"2026-09-02","08:19:46","XXX2","ロケットミューツー","1383","勝ち","後攻","A","PTCGL午前",""
"2026-09-02","07:27:35","XXX2","フーディン","1371","勝ち","後攻","C","PTCGL午前",""
"2026-09-01","09:58:10","XXX2","オマツリ音頭","1360","勝ち","後攻","B","PTCGL午前",""
"2026-09-01","07:21:29","メガダークライ１","メガゼラオラ","1349","勝ち","先攻","B","PTCGL午前",""
"2026-07-21","18:48:30","メガダークライ１","リザードン","","勝ち","後攻","B","PTCGL夜",""
"2026-07-21","18:47:41","メガドリューズ","メガスターミー","","負け","先攻","B","PTCGL夜",""
"2026-07-18","18:34:51","メガドリューズ","メガゼラオラ","","負け","先攻","B","PTCGL夜",""
"2026-07-17","22:38:01","メガドリューズ","メガライボルト","","勝ち","先攻","B","PTCGL夜",""
"2026-07-17","21:30:41","メガドリューズ","メガルカリオ","","勝ち","先攻","B","PTCGL夜",""
"2026-07-17","21:20:39","メガドリューズ","メガガルーラ","","負け","先攻","B","",""
"2026-07-17","21:20:13","メガドリューズ","メガルカリオ","","勝ち","先攻","B","PTCGL夜",""
"2026-07-17","21:19:36","メガドリューズ","メガフシギバナ","","勝ち","先攻","B","PTCGL夜",""
"2026-07-17","15:15:37","メガダークライ１","メガドリューズ","","負け","先攻","B","PTCGL午後",""
"2026-07-17","14:58:07","メガダークライ１","バケガクレ","","負け","先攻","B","PTCGL午前",""
"2026-07-17","13:56:03","kingdora","メガドリューズ","","負け","先攻","B","PTCGL午後",""
"2026-07-17","13:55:21","kingdora","ホップのオーロット","","勝ち","先攻","B","PTCGL午後",""
"2026-07-17","11:42:22","メガダークライ１","スピアー","","負け","先攻","B","PTCGL午前",""
"2026-07-17","11:41:47","Mega Lucario ex 3","メガダークライ","","負け","先攻","B","PTCGL午前",""
"2026-07-17","11:28:24","メガダークライ１","ドラパルト","","勝ち","先攻","B","PTCGL午前",""
"2026-07-17","08:00:57","メガダークライ１","メガフシギバナ","","負け","先攻","B","PTCGL午前",""
"2026-07-17","08:00:00","メガダークライ１","メガゼラオラ","","勝ち","先攻","B","PTCGL午前",""
"2026-07-16","17:08:39","NEW GEKKO","メガスターミー","","勝ち","先攻","B","PTCGL午後",""
"2026-07-16","10:33:24","NEW GEKKO","メガガルーラ","","勝ち","先攻","B","PTCGL午前",""
"2026-07-16","00:08:14","NEW GEKKO","ゾロアーク","","負け","先攻","B","",""
"2026-07-15","23:34:38","NEW GEKKO","ヤバチャ","","勝ち","先攻","B","",""
"2026-07-15","23:33:51","NEW GEKKO","イワパレス","","負け","先攻","B","PTCGL夜",""
"2026-07-15","23:07:43","NEW GEKKO","フーディン","","勝ち","先攻","B","PTCGL夜",""
"2026-07-15","23:06:37","NEW GEKKO","ホップのザシアン","","勝ち","先攻","B","PTCGL夜",""
"2026-07-15","06:42:26","NEW GEKKO","メガフシギバナ","","負け","先攻","B","PTCGL午前",""
"2026-07-15","06:41:39","XXX2","アブソル","","勝ち","先攻","B","PTCGL午前",""
"2026-07-14","20:46:59","XXX2","イーブイズ","","勝ち","先攻","B","",""
"2026-07-14","20:46:31","XXX2","ドラパルト","","負け","先攻","B","PTCGL夜",""
"2026-07-13","21:38:52","メガフシギバナ","ヒビキ","","負け","先攻","B","PTCGL夜",""
"2026-07-13","21:38:00","XXX2","アブソル","","負け","後攻","B","PTCGL夜",""
"2026-07-13","09:49:22","メガフシギバナ","メガオーダイル","","勝ち","先攻","B","PTCGL午前",""
"2026-07-12","14:56:06","メガフシギバナ","メガフラエッテ","","勝ち","先攻","B","PTCGL午後",""
"2026-07-11","16:58:34","XXX2","ドラパルト","","負け","後攻","C","PTCGL午後",""
"2026-07-11","07:06:28","XXX2","オーロンゲ","","勝ち","後攻","B","PTCGL午前",""
"2026-07-11","07:05:25","XXX2","メガユキメノコ","","負け","先攻","B","PTCGL午前",""
"2026-07-10","07:20:24","Mega Lucario ex 3","メガライボルト","","勝ち","後攻","B","PTCGL午前",""
"2026-07-10","07:11:25","リザードン、のここっち","メガフシギバナ","","負け","後攻","B","PTCGL午前",""
"2026-07-09","21:54:10","NEW GEKKO","メガフシギバナ","","負け","先攻","B","PTCGL夜",""
"2026-07-08","11:16:28","XXX2","ドラパルト","","勝ち","先攻","B","PTCGL午前",""
"2026-07-05","18:39:50","メガフシギバナ","ドラパルト","","勝ち","先攻","B","PTCGL夜",""
"2026-07-05","18:07:15","NEW GEKKO","メガカイリュー","","負け","先攻","B","PTCGL午後",""
"2026-07-04","07:16:10","NEW GEKKO","Nのバイバニラ","","勝ち","先攻","B","",""
"2026-07-04","06:46:43","XXX2","カミツオロチ","","勝ち","先攻","B","PTCGL午前",""
"2026-07-03","22:48:29","XXX2","ヒビキ","","勝ち","先攻","B","PTCGL夜",""
"2026-07-03","14:42:30","リザードン、のここっち","謎","","勝ち","先攻","B","",""
"2026-07-03","14:42:12","NEW GEKKO","メガゲッコウガ","","負け","先攻","B","PTCGL午後",""
"2026-07-03","10:50:36","NEW GEKKO","ホップのオーロット","","負け","後攻","C","PTCGL午前",""
"2026-07-02","07:20:50","NEW GEKKO","メガルカリオ","","勝ち","先攻","B","PTCGL午前",""
"2026-07-01","18:58:39","NEW GEKKO","ロケットドンカラス","","負け","先攻","C","PTCGL夜",""
"2026-07-01","12:30:15","NEW GEKKO","メガゲッコウガ","","負け","先攻","B","PTCGL午前",""
"2026-06-30","20:52:23","NEW GEKKO","ゾロアーク","","勝ち","先攻","B","PTCGL夜",""
"2026-06-30","19:16:39","NEW GEKKO","シロナのガブリアス","","勝ち","先攻","B","PTCGL夜",""
"2026-06-30","10:41:18","NEW GEKKO","メガサーナイト","","負け","後攻","B","PTCGL午前",""
"2026-06-30","10:40:59","NEW GEKKO","メガフシギバナ","","勝ち","後攻","B","PTCGL午前",""
"2026-06-30","10:01:17","NEW GEKKO","イーブイズ","","負け","先攻","B","PTCGL午前",""
"2026-06-30","09:48:34","NEW GEKKO","メガルカリオ","","勝ち","後攻","B","PTCGL午前",""
"2026-06-30","09:48:12","NEW GEKKO","ゾロアーク","","勝ち","先攻","B","PTCGL午前",""
"2026-06-29","21:21:06","NEW GEKKO","メガカイリュー","","負け","先攻","B","PTCGL夜",""
"2026-06-29","21:20:07","NEW GEKKO","メガシビルドン","","負け","先攻","B","PTCGL夜",""
"2026-06-29","20:51:53","NEW GEKKO","メガゲッコウガ","","勝ち","先攻","B","PTCGL夜",""
"2026-06-29","20:43:19","NEW GEKKO","ゾロアーク","","勝ち","先攻","B","PTCGL夜",""
"2026-06-29","20:42:57","NEW GEKKO","ヤドキング","","負け","後攻","B","PTCGL夜",""
"2026-06-29","07:23:16","NEW GEKKO","メガライボルト","","勝ち","先攻","B","PTCGL午前",""
"2026-06-28","04:25:28","NEW GEKKO","メガゲッコウガ","","勝ち","先攻","B","PTCGL午前",""
"2026-06-27","13:57:14","NEW GEKKO","ドラパルト","","勝ち","先攻","B","PTCGL午後",""
"2026-06-27","13:21:40","NEW GEKKO","スピアー","","勝ち","先攻","B","PTCGL午後",""
"2026-06-25","08:06:58","Mega Lucario ex 3","メガゲッコウガ","","勝ち","先攻","B","PTCGL午前",""
"2026-06-22","08:05:35","NEW GEKKO","メガスターミー","","負け","先攻","B","PTCGL午前",""
"2026-06-21","18:35:40","XXX2","メタグロス","","負け","先攻","B","PTCGL午後",""
"2026-06-21","17:34:11","NEW GEKKO","メガライボルト","","負け","先攻","B","PTCGL午後",""
"2026-06-21","08:37:11","NEW GEKKO","ドラパルト","","勝ち","先攻","B","PTCGL午後",""
"2026-06-21","04:37:14","NEW GEKKO","ソーブレイズ","","勝ち","先攻","B","PTCGL午前",""
"2026-06-20","17:15:43","NEW GEKKO","メガゲンガー","","勝ち","先攻","B","PTCGL午後",""
"2026-06-20","16:54:28","XXX2","メガサメハダー","","勝ち","後攻","B","",""
"2026-06-19","06:44:37","XXX2","ドラパルト","","勝ち","先攻","B","PTCGL午前",""
"2026-06-18","17:43:46","XXX2","ヤドキング","","負け","後攻","C","PTCGL午後",""
"2026-06-18","08:57:43","NEW GEKKO","オーロンゲ","","負け","先攻","B","PTCGL午前",""
"2026-06-18","08:36:54","NEW GEKKO","リザードン","","勝ち","先攻","B","PTCGL午前",""
"2026-06-18","08:34:23","NEW GEKKO","謎","","勝ち","先攻","B","PTCGL午前",""
"2026-06-18","08:33:28","NEW GEKKO","メノコマシラ","","勝ち","先攻","B","PTCGL午前",""
"2026-06-18","08:13:38","NEW GEKKO","フーディン","","勝ち","先攻","B","PTCGL午前",""
"2026-06-18","08:04:00","NEW GEKKO","ドラパルト","","勝ち","先攻","B","PTCGL午前",""
"2026-06-18","08:03:42","NEW GEKKO","ドラパルト","","勝ち","先攻","B","PTCGL午前",""
"2026-06-17","15:59:21","リザードン、のここっち","メガフシギバナ","","負け","先攻","B","",""
"2026-06-17","15:38:28","NEW GEKKO","メガルカリオ","","負け","後攻","B","PTCGL午後",""
"2026-06-17","15:37:44","NEW GEKKO","スピアー","","勝ち","先攻","B","PTCGL午後",""
"2026-06-17","12:53:06","NEW GEKKO","シロナのガブリアス","","勝ち","先攻","B","PTCGL午前",""
"2026-06-17","06:49:10","NEW GEKKO","メタグロス","","負け","先攻","B","PTCGL午前",""
"2026-06-16","08:07:21","NEW GEKKO","メガフシギバナ","","勝ち","先攻","B","PTCGL午前",""
"2026-06-15","07:34:56","Mega Greninja ex","ジュナイパー","","勝ち","先攻","B","PTCGL午前",""
"2026-06-15","07:29:13","Mega Greninja ex","メガゲッコウガ","","勝ち","先攻","B","PTCGL午前",""
"2026-06-15","07:28:59","mimimenostar","ドラパルト","","勝ち","先攻","B","PTCGL午前",""
"2026-06-15","07:28:37","Mega Lucario ex 3","メガルカリオ","","勝ち","先攻","B","PTCGL午前",""
"2026-06-12","07:41:39","XXX","サーナイト","","勝ち","後攻","B","PTCGL午前",""
"2026-06-12","07:41:22","XXX","メガゲッコウガ","","負け","先攻","B","PTCGL午前",""
"2026-06-12","07:21:19","XXX","メガゲッコウガ","","負け","先攻","C","PTCGL午前",""
"2026-06-12","06:55:48","XXX","ジュナイパー","","勝ち","後攻","B","PTCGL午前",""
"2026-06-11","20:23:56","XXX","ドラパルト","","負け","先攻","B","PTCGL夜",""
"2026-06-11","20:15:49","Mega Lucario ex 3","メガルカリオ","","勝ち","後攻","B","PTCGL夜",""
"2026-06-11","01:30:05","Mega Lucario ex 3","ジュナイパー","","勝ち","先攻","B","PTCGL夜",""
"2026-06-11","01:29:19","Mega Lucario ex 3","メガディアンシー","","負け","先攻","B","PTCGL夜",""
"2026-06-11","01:28:54","Mega Lucario ex 3","メガユキメノコ","","勝ち","先攻","B","PTCGL夜",""
"2026-06-11","00:27:02","XXX","カスミのギャラドス","","勝ち","後攻","B","PTCGL夜",""
"2026-06-11","00:06:25","XXX","メガゲッコウガ","","負け","先攻","B","PTCGL夜",""
"2026-06-10","23:48:43","XXX","ヤドキング","","負け","先攻","B","PTCGL夜",""
"2026-06-10","23:45:22","XXX","謎","","勝ち","後攻","B","PTCGL夜",""
"2026-06-10","23:45:00","XXX","ドラパルト","","負け","後攻","B","ジムバトル",""
"2026-06-10","23:44:13","XXX","メガシャンドラ","","負け","後攻","D","ジムバトル",""
"2026-06-10","23:42:29","XXX","メガユキメノコ","","勝ち","後攻","B","ジムバトル",""
"2026-06-10","23:41:51","XXX","メガゲッコウガ","","負け","先攻","B","ジムバトル",""
"2026-06-10","17:00:51","XXX","パンプジン","","負け","後攻","B","PTCGL午後",""
"2026-06-10","10:23:25","XXX","ジュナイパー","","勝ち","後攻","B","PTCGL午前",""
"2026-06-10","09:02:35","XXX","ヤドキング","","勝ち","後攻","B","1人回し",""
"2026-06-10","08:23:44","XXX","カミツオロチ","","負け","先攻","C","",""
"2026-06-10","08:23:03","mimimenostar","謎","","負け","後攻","B","PTCGL午前",""
"2026-06-09","19:59:56","XXX","謎","","負け","先攻","B","PTCGL夜",""
"2026-06-09","19:25:46","XXX","ドラパルト","","負け","後攻","B","PTCGL夜",""
"2026-06-09","18:34:49","XXX","ゾロアーク","","負け","後攻","B","PTCGL夜",""
"2026-06-09","17:32:34","XXX","メガルカリオ","","勝ち","先攻","B","PTCGL午後",""
"2026-06-09","10:24:02","XXX","メガフシギバナ","","勝ち","後攻","B","PTCGL午後",""
"2026-06-09","07:24:32","XXX","メガゲッコウガ","","勝ち","後攻","B","PTCGL午前",""
"2026-06-09","07:03:05","mimimenostar","ヤドキング","","負け","先攻","C","PTCGL午前",""
"2026-06-09","06:44:06","XXX","メガフシギバナ","","勝ち","後攻","B","PTCGL午前",""
"2026-06-08","23:09:52","XXX","フーディン","","負け","後攻","C","PTCGL夜",""
"2026-06-08","23:07:58","XXX","リザードン","","勝ち","後攻","B","PTCGL夜",""
"2026-06-08","22:52:01","XXX","リザードン","","勝ち","後攻","B","PTCGL夜",""
"2026-06-08","22:51:41","XXX","メガフラエッテ","","勝ち","後攻","B","PTCGL夜",""
"2026-06-08","22:29:10","XXX","メガカエンジシ","","勝ち","後攻","B","PTCGL夜",""
"2026-06-08","22:08:38","XXX","メガフラエッテ","","勝ち","後攻","B","PTCGL夜",""
"2026-06-08","21:50:07","XXX","フーディン","","勝ち","後攻","B","PTCGL夜",""
"2026-06-08","21:29:43","XXX","謎","","勝ち","後攻","B","PTCGL夜",""
"2026-06-08","21:16:20","XXX","リザードン","","勝ち","後攻","B","PTCGL夜",""
"2026-06-08","21:16:02","XXX","メガルカリオ","","負け","後攻","B","PTCGL夜",""
"2026-06-03","19:53:39","magalizanokochi","メガゲッコウガ","","負け","後攻","B","PTCGL夜",""
"2026-06-03","15:13:58","magalizanokochi","メガゲッコウガ","","勝ち","後攻","B","PTCGL午後",""
"2026-05-24","07:15:15","mimimenostar","ドラパルト","","負け","先攻","C","PTCGL午前","回らなかった。"
"2026-05-24","00:28:12","XXX","ヤドキング","","負け","先攻","B","1人回し",""
"2026-05-24","00:27:58","XXX","ドラパルト","","勝ち","後攻","B","1人回し",""
"2026-05-23","23:29:59","XXX","ライコ","","負け","先攻","B","PTCGL夜",""
"2026-05-23","23:15:10","XXX","メガライボルト","","勝ち","後攻","B","PTCGL夜",""
"2026-05-23","23:02:49","XXX","カミツオロチ","","勝ち","後攻","B","PTCGL夜",""
"2026-05-23","22:57:25","XXX","メガゲッコウガ","","負け","後攻","B","PTCGL夜",""
"2026-05-23","07:43:32","XXX","ドラパルト","","勝ち","後攻","B","PTCGL午前",""
"2026-05-23","07:24:39","mimimenostar","メガゲッコウガ","","勝ち","先攻","B","PTCGL午前",""
"2026-05-23","07:16:09","mimimenostar","ピッピ","","負け","先攻","D","PTCGL午前",""
"2026-05-22","23:27:08","mimimenostar","メノコロップ","","勝ち","後攻","B","PTCGL夜",""
"2026-05-22","22:59:21","mimimenostar","メガゲッコウガ","","勝ち","後攻","B","PTCGL夜",""
"2026-05-22","18:39:29","mimimenostar","メタグロス","","勝ち","先攻","A","PTCGL夜",""
"2026-05-22","09:08:33","mimimenostar","メガカエンジシ","","勝ち","後攻","A","PTCGL午後",""
"2026-05-22","07:16:49","XXX","メガゲッコウガ","","勝ち","先攻","B","PTCGL午前",""
"2026-05-22","07:15:54","Mega Greninja ex","ヒビキ","","勝ち","先攻","B","PTCGL午前",""
"2026-05-22","05:32:11","megamimilop menoko","メガフシギバナ","","負け","先攻","B","PTCGL午前",""
"2026-05-22","05:31:34","megamimilop menoko","ライコ","","負け","後攻","D","PTCGL午前",""
"2026-05-21","23:43:26","XXX","オーロンゲ","","負け","先攻","B","PTCGL夜",""
"2026-05-21","23:30:34","XXX","メガフシギバナ","","勝ち","後攻","B","PTCGL夜",""
"2026-05-21","21:59:26","XXX","メガスターミー","","負け","後攻","B","PTCGL夜",""
"2026-05-21","21:49:24","XXX","メガルカリオ","","勝ち","後攻","B","PTCGL夜",""
"2026-05-21","21:46:55","XXX","メガフシギバナ","","勝ち","後攻","B","PTCGL夜",""
"2026-05-21","21:25:33","XXX","ドラパルト","","勝ち","後攻","B","PTCGL夜",""
"2026-05-21","21:13:46","XXX","イイネイヌ","","勝ち","後攻","B","PTCGL夜",""
"2026-05-21","21:12:54","XXX","テラスタルバレット","","勝ち","先攻","B","PTCGL夜",""
"2026-05-21","21:08:53","XXX","メガフシギバナ","","負け","後攻","B","PTCGL夜","プレミ"
"2026-05-21","20:47:29","XXX","ケンタロス","","勝ち","後攻","B","PTCGL夜",""
"2026-05-21","20:34:55","XXX","メガルカリオ","","負け","先攻","B","PTCGL夜",""
"2026-05-21","20:17:30","XXX","ドラパルト","","負け","先攻","B","PTCGL夜",""
"2026-05-21","16:47:14","XXX","ピッピ","","負け","先攻","B","PTCGL午後",""
"2026-05-21","16:35:15","XXX","メガルカリオ","","負け","先攻","B","PTCGL午後",""
"2026-05-21","16:20:28","XXX","メガスターミー","","負け","先攻","B","PTCGL午後","セイジスターミー何もできない。"
"2026-05-21","14:05:37","XXX","メガフシギバナ","","負け","先攻","C","PTCGL午後","エネが引けなかった。"
"2026-05-21","12:14:37","XXX","ドラパルト","","勝ち","後攻","B","PTCGL午前",""
"2026-05-21","11:00:25","XXX","メガカイリュー","","勝ち","先攻","B","PTCGL午前","相手事故"
"2026-05-21","10:32:38","XXX","ゾロアーク","","勝ち","後攻","B","PTCGL午前","ギリギリ勝ったぞ。やはりナイトジョーカーを枯らすのが効く気がする。"
"2026-05-21","09:33:15","XXX","ライコ","","負け","先攻","B","PTCGL午前","早い、"
"2026-05-21","09:13:10","XXX","ドラパルト","","負け","後攻","B","PTCGL午前","綺麗に取られた。ボムドラパ。"
"2026-05-21","07:39:12","XXX","メノコロップ","","負け","後攻","B","1人回し",""
"2026-05-21","07:13:24","sirona gaburias","謎","","勝ち","先攻","B","PTCGL午前",""
"2026-05-20","20:40:54","sirona gaburias","ソーブレイズ","","負け","先攻","C","PTCGL夜","ソルロックでフカマル潰された。"
"2026-05-20","20:13:26","sirona gaburias","ニダンギル","","勝ち","先攻","A","PTCGL夜",""
"2026-05-20","20:01:48","XXX","ゾロアーク","","勝ち","先攻","B","PTCGL夜",""
"2026-05-20","19:18:08","XXX","シロナのガブリアス","","負け","後攻","C","1人回し",""
"2026-05-20","17:34:13","XXX","メノコロップ","","勝ち","後攻","B","PTCGL午後",""
"2026-05-20","17:16:55","XXX","シロナのガブリアス","","負け","後攻","C","PTCGL午後",""
"2026-05-20","16:32:29","XXX","ピッピ","","勝ち","後攻","B","PTCGL午後",""
"2026-05-20","16:32:00","XXX","メガライボルト","","負け","後攻","D","PTCGL午後",""
"2026-05-20","16:19:10","Mega Lucario ex 3","メガヤンマ","","負け","後攻","C","PTCGL午後",""
"2026-05-20","10:54:49","XXX","メノコロップ","","負け","後攻","C","PTCGL午前",""
"2026-05-20","10:43:49","XXX","リザードン","","勝ち","後攻","D","PTCGL午前","ドラメシア3枚落ち"
"2026-05-20","08:56:38","XXX","謎","","勝ち","先攻","B","PTCGL午前",""
"2026-05-20","08:34:57","XXX","ピカチュウ","","勝ち","後攻","B","PTCGL午前",""
"2026-05-20","07:46:16","XXX","メノコロップ","","勝ち","後攻","B","PTCGL午前",""
"2026-05-19","22:54:45","XXX","ドラパルト","","勝ち","後攻","A","PTCGL夜",""
"2026-05-19","22:47:07","XXX","メガヘラクロス","","負け","後攻","B","PTCGL夜",""
"2026-05-19","21:27:07","XXX","イーブイズ","","勝ち","先攻","C","PTCGL夜",""
"2026-05-19","21:03:58","XXX","メガルカリオ","","負け","後攻","C","PTCGL夜",""
"2026-05-19","20:49:41","XXX","メガディアンシー","","負け","後攻","D","PTCGL夜","事故"
"2026-05-19","20:38:38","XXX","メノコロップ","","負け","後攻","C","PTCGL夜",""
"2026-05-19","19:07:06","XXX","ナンジャモたま","","勝ち","先攻","B","PTCGL午後",""